Country code,Year,SeriesID,Value,SourceID,Access time
8,1975,1,4524.0,1,April 2023
8,1985,1,7145.0,1,April 2023
8,2005,1,3980.0,1,April 2023
8,2010,1,4074.0,1,April 2023
8,2015,1,3975.0,1,April 2023
8,2018,1,4525.0,1,April 2023
8,2019,1,4200.0,1,April 2023
8,2020,1,3512.0,1,April 2023
8,1975,2,1.8,1,April 2023
8,1985,2,2.3,1,April 2023
8,2005,2,1.3,1,April 2023
8,2010,2,1.4,1,April 2023
8,2015,2,1.3,1,April 2023
8,2018,2,1.5,1,April 2023
8,2019,2,1.4,1,April 2023
8,2020,2,1.2,1,April 2023
12,1975,1,13691.0,1,April 2023
12,1985,1,42446.0,1,April 2023
12,2005,1,78045.0,1,April 2023
12,2010,1,96452.0,1,April 2023
12,2015,1,131690.0,1,April 2023
12,2018,1,138496.0,1,April 2023
12,2019,1,143569.0,1,April 2023
12,2020,1,135599.0,1,April 2023
12,1975,2,0.8,1,April 2023
12,1985,2,1.9,1,April 2023
12,2005,2,2.3,1,April 2023
12,2010,2,2.7,1,April 2023
12,2015,2,3.3,1,April 2023
12,2018,2,3.3,1,April 2023
12,2019,2,3.3,1,April 2023
12,2020,2,3.1,1,April 2023
24,1975,1,2799.0,1,April 2023
24,1985,1,3819.0,1,April 2023
24,2005,1,7510.0,1,April 2023
24,2010,1,15863.0,1,April 2023
24,2015,1,23293.0,1,April 2023
24,2018,1,18989.0,1,April 2023
24,2019,1,20748.0,1,April 2023
24,2020,1,16939.0,1,April 2023
24,1975,2,0.3,1,April 2023
24,1985,2,0.3,1,April 2023
24,2005,2,0.3,1,April 2023
24,2010,2,0.6,1,April 2023
24,2015,2,0.8,1,April 2023
24,2018,2,0.6,1,April 2023
24,2019,2,0.6,1,April 2023
24,2020,2,0.5,1,April 2023
32,1975,1,85498.0,1,April 2023
32,1985,1,88181.0,1,April 2023
32,2005,1,143250.0,1,April 2023
32,2010,1,164171.0,1,April 2023
32,2015,1,181809.0,1,April 2023
32,2018,1,173309.0,1,April 2023
32,2019,1,164341.0,1,April 2023
32,2020,1,150666.0,1,April 2023
32,1975,2,3.3,1,April 2023
32,1985,2,2.9,1,April 2023
32,2005,2,3.7,1,April 2023
32,2010,2,4.0,1,April 2023
32,2015,2,4.2,1,April 2023
32,2018,2,3.9,1,April 2023
32,2019,2,3.6,1,April 2023
32,2020,2,3.3,1,April 2023
51,2005,1,4163.0,1,April 2023
51,2010,1,4118.0,1,April 2023
51,2015,1,5222.0,1,April 2023
51,2018,1,5522.0,1,April 2023
51,2019,1,5986.0,1,April 2023
51,2020,1,6464.0,1,April 2023
51,2005,2,1.4,1,April 2023
51,2010,2,1.4,1,April 2023
51,2015,2,1.7,1,April 2023
51,2018,2,1.8,1,April 2023
51,2019,2,2.0,1,April 2023
51,2020,2,2.1,1,April 2023
36,1975,1,182195.0,1,April 2023
36,1985,1,223305.0,1,April 2023
36,2005,1,368484.0,1,April 2023
36,2010,1,396195.0,1,April 2023
36,2015,1,384882.0,1,April 2023
36,2018,1,395916.0,1,April 2023
36,2019,1,393847.0,1,April 2023
36,2020,1,378417.0,1,April 2023
36,1975,2,12.9,1,April 2023
36,1985,2,13.9,1,April 2023
36,2005,2,18.1,1,April 2023
36,2010,2,17.8,1,April 2023
36,2015,2,16.0,1,April 2023
36,2018,2,15.7,1,April 2023
36,2019,2,15.4,1,April 2023
36,2020,2,14.6,1,April 2023
40,1975,1,50452.0,1,April 2023
40,1985,1,53980.0,1,April 2023
40,2005,1,75938.0,1,April 2023
40,2010,1,70094.0,1,April 2023
40,2015,1,63280.0,1,April 2023
40,2018,1,62984.0,1,April 2023
40,2019,1,64414.0,1,April 2023
40,2020,1,58925.0,1,April 2023
40,1975,2,6.5,1,April 2023
40,1985,2,7.0,1,April 2023
40,2005,2,9.1,1,April 2023
40,2010,2,8.2,1,April 2023
40,2015,2,7.1,1,April 2023
40,2018,2,6.9,1,April 2023
40,2019,2,7.1,1,April 2023
40,2020,2,6.4,1,April 2023
31,2005,1,29185.0,1,April 2023
31,2010,1,23643.0,1,April 2023
31,2015,1,30797.0,1,April 2023
31,2018,1,31534.0,1,April 2023
31,2019,1,34325.0,1,April 2023
31,2020,1,33167.0,1,April 2023
31,2005,2,3.5,1,April 2023
31,2010,2,2.6,1,April 2023
31,2015,2,3.2,1,April 2023
31,2018,2,3.2,1,April 2023
31,2019,2,3.4,1,April 2023
31,2020,2,3.3,1,April 2023
48,1975,1,5244.0,1,April 2023
48,1985,1,9132.0,1,April 2023
48,2005,1,20641.0,1,April 2023
48,2010,1,25644.0,1,April 2023
48,2015,1,30179.0,1,April 2023
48,2018,1,30284.0,1,April 2023
48,2019,1,32733.0,1,April 2023
48,2020,1,32247.0,1,April 2023
48,1975,2,19.6,1,April 2023
48,1985,2,21.7,1,April 2023
48,2005,2,23.1,1,April 2023
48,2010,2,20.6,1,April 2023
48,2015,2,21.9,1,April 2023
48,2018,2,19.2,1,April 2023
48,2019,2,19.9,1,April 2023
48,2020,2,18.9,1,April 2023
50,1975,1,6277.0,1,April 2023
50,1985,1,9967.0,1,April 2023
50,2005,1,35116.0,1,April 2023
50,2010,1,53201.0,1,April 2023
50,2015,1,75524.0,1,April 2023
50,2018,1,98076.0,1,April 2023
50,2019,1,94583.0,1,April 2023
50,2020,1,87497.0,1,April 2023
50,1975,2,0.1,1,April 2023
50,1985,2,0.1,1,April 2023
50,2005,2,0.2,1,April 2023
50,2010,2,0.3,1,April 2023
50,2015,2,0.5,1,April 2023
50,2018,2,0.6,1,April 2023
50,2019,2,0.6,1,April 2023
50,2020,2,0.5,1,April 2023
112,2005,1,55755.0,1,April 2023
112,2010,1,60272.0,1,April 2023
112,2015,1,53261.0,1,April 2023
112,2018,1,57837.0,1,April 2023
112,2019,1,56139.0,1,April 2023
112,2020,1,53185.0,1,April 2023
112,2005,2,5.7,1,April 2023
112,2010,2,6.3,1,April 2023
112,2015,2,5.6,1,April 2023
112,2018,2,6.1,1,April 2023
112,2019,2,5.9,1,April 2023
112,2020,2,5.6,1,April 2023
56,1975,1,116832.0,1,April 2023
56,1985,1,102109.0,1,April 2023
56,2005,1,109033.0,1,April 2023
56,2010,1,105556.0,1,April 2023
56,2015,1,93953.0,1,April 2023
56,2018,1,92230.0,1,April 2023
56,2019,1,91398.0,1,April 2023
56,2020,1,83891.0,1,April 2023
56,1975,2,11.8,1,April 2023
56,1985,2,10.3,1,April 2023
56,2005,2,10.3,1,April 2023
56,2010,2,9.6,1,April 2023
56,2015,2,8.2,1,April 2023
56,2018,2,8.0,1,April 2023
56,2019,2,7.9,1,April 2023
56,2020,2,7.2,1,April 2023
204,1975,1,693.0,1,April 2023
204,1985,1,763.0,1,April 2023
204,2005,1,3198.0,1,April 2023
204,2010,1,5148.0,1,April 2023
204,2015,1,6002.0,1,April 2023
204,2018,1,8044.0,1,April 2023
204,2019,1,7941.0,1,April 2023
204,2020,1,8492.0,1,April 2023
204,1975,2,0.1,1,April 2023
204,1985,2,0.1,1,April 2023
204,2005,2,0.3,1,April 2023
204,2010,2,0.5,1,April 2023
204,2015,2,0.5,1,April 2023
204,2018,2,0.6,1,April 2023
204,2019,2,0.6,1,April 2023
204,2020,2,0.6,1,April 2023
68,1975,1,3336.0,1,April 2023
68,1985,1,4764.0,1,April 2023
68,2005,1,9177.0,1,April 2023
68,2010,1,13904.0,1,April 2023
68,2015,1,18918.0,1,April 2023
68,2018,1,20784.0,1,April 2023
68,2019,1,20677.0,1,April 2023
68,2020,1,17436.0,1,April 2023
68,1975,2,0.6,1,April 2023
68,1985,2,0.7,1,April 2023
68,2005,2,1.0,1,April 2023
68,2010,2,1.4,1,April 2023
68,2015,2,1.7,1,April 2023
68,2018,2,1.8,1,April 2023
68,2019,2,1.8,1,April 2023
68,2020,2,1.5,1,April 2023
70,2005,1,16059.0,1,April 2023
70,2010,1,20734.0,1,April 2023
70,2015,1,19647.0,1,April 2023
70,2018,1,22820.0,1,April 2023
70,2019,1,21351.0,1,April 2023
70,2020,1,21128.0,1,April 2023
70,2005,2,4.2,1,April 2023
70,2010,2,5.5,1,April 2023
70,2015,2,5.6,1,April 2023
70,2018,2,6.7,1,April 2023
70,2019,2,6.3,1,April 2023
70,2020,2,6.3,1,April 2023
72,1975,1,625.0,1,April 2023
72,1985,1,1673.0,1,April 2023
72,2005,1,4515.0,1,April 2023
72,2010,1,3501.0,1,April 2023
72,2015,1,7189.0,1,April 2023
72,2018,1,8315.0,1,April 2023
72,2019,1,7446.0,1,April 2023
72,2020,1,5996.0,1,April 2023
72,1975,2,0.8,1,April 2023
72,1985,2,1.4,1,April 2023
72,2005,2,2.4,1,April 2023
72,2010,2,1.7,1,April 2023
72,2015,2,3.3,1,April 2023
72,2018,2,3.6,1,April 2023
72,2019,2,3.1,1,April 2023
72,2020,2,2.5,1,April 2023
76,1975,1,141202.0,1,April 2023
76,1985,1,166948.0,1,April 2023
76,2005,1,327026.0,1,April 2023
76,2010,1,389556.0,1,April 2023
76,2015,1,474044.0,1,April 2023
76,2018,1,428191.0,1,April 2023
76,2019,1,428083.0,1,April 2023
76,2020,1,405935.0,1,April 2023
76,1975,2,1.2,1,April 2023
76,1985,2,1.2,1,April 2023
76,2005,2,1.7,1,April 2023
76,2010,2,1.9,1,April 2023
76,2015,2,2.2,1,April 2023
76,2018,2,2.0,1,April 2023
76,2019,2,2.0,1,April 2023
76,2020,2,1.8,1,April 2023
96,1975,1,1415.0,1,April 2023
96,1985,1,2963.0,1,April 2023
96,2005,1,4854.0,1,April 2023
96,2010,1,6901.0,1,April 2023
96,2015,1,6022.0,1,April 2023
96,2018,1,7189.0,1,April 2023
96,2019,1,6708.0,1,April 2023
96,2020,1,9255.0,1,April 2023
96,1975,2,8.7,1,April 2023
96,1985,2,13.2,1,April 2023
96,2005,2,13.2,1,April 2023
96,2010,2,17.6,1,April 2023
96,2015,2,14.4,1,April 2023
96,2018,2,16.7,1,April 2023
96,2019,2,15.4,1,April 2023
96,2020,2,21.1,1,April 2023
100,1975,1,74218.0,1,April 2023
100,1985,1,83177.0,1,April 2023
100,2005,1,47002.0,1,April 2023
100,2010,1,44604.0,1,April 2023
100,2015,1,44163.0,1,April 2023
100,2018,1,40434.0,1,April 2023
100,2019,1,38783.0,1,April 2023
100,2020,1,33837.0,1,April 2023
100,1975,2,8.4,1,April 2023
100,1985,2,9.2,1,April 2023
100,2005,2,6.1,1,April 2023
100,2010,2,5.9,1,April 2023
100,2015,2,6.1,1,April 2023
100,2018,2,5.7,1,April 2023
100,2019,2,5.5,1,April 2023
100,2020,2,4.8,1,April 2023
116,2005,1,3447.0,1,April 2023
116,2010,1,5630.0,1,April 2023
116,2015,1,8717.0,1,April 2023
116,2018,1,11230.0,1,April 2023
116,2019,1,13807.0,1,April 2023
116,2020,1,14351.0,1,April 2023
116,2005,2,0.2,1,April 2023
116,2010,2,0.3,1,April 2023
116,2015,2,0.5,1,April 2023
116,2018,2,0.6,1,April 2023
116,2019,2,0.8,1,April 2023
116,2020,2,0.8,1,April 2023
120,1975,1,1925.0,1,April 2023
120,1985,1,3576.0,1,April 2023
120,2005,1,5022.0,1,April 2023
120,2010,1,6666.0,1,April 2023
120,2015,1,7952.0,1,April 2023
120,2018,1,8961.0,1,April 2023
120,2019,1,8872.0,1,April 2023
120,2020,1,9084.0,1,April 2023
120,1975,2,0.1,1,April 2023
120,1985,2,0.2,1,April 2023
120,2005,2,0.2,1,April 2023
120,2010,2,0.3,1,April 2023
120,2015,2,0.3,1,April 2023
120,2018,2,0.3,1,April 2023
120,2019,2,0.3,1,April 2023
120,2020,2,0.3,1,April 2023
124,1975,1,382913.0,1,April 2023
124,1985,1,399744.0,1,April 2023
124,2005,1,546398.0,1,April 2023
124,2010,1,533950.0,1,April 2023
124,2015,1,557038.0,1,April 2023
124,2018,1,578474.0,1,April 2023
124,2019,1,564938.0,1,April 2023
124,2020,1,515523.0,1,April 2023
124,1975,2,16.3,1,April 2023
124,1985,2,15.2,1,April 2023
124,2005,2,16.7,1,April 2023
124,2010,2,15.5,1,April 2023
124,2015,2,15.4,1,April 2023
124,2018,2,15.4,1,April 2023
124,2019,2,14.8,1,April 2023
124,2020,2,13.4,1,April 2023
152,1975,1,17717.0,1,April 2023
152,1985,1,20444.0,1,April 2023
152,2005,1,56141.0,1,April 2023
152,2010,1,70533.0,1,April 2023
152,2015,1,82994.0,1,April 2023
152,2018,1,87847.0,1,April 2023
152,2019,1,93078.0,1,April 2023
152,2020,1,85840.0,1,April 2023
152,1975,2,1.6,1,April 2023
152,1985,2,1.6,1,April 2023
152,2005,2,3.3,1,April 2023
152,2010,2,4.0,1,April 2023
152,2015,2,4.5,1,April 2023
152,2018,2,4.6,1,April 2023
152,2019,2,4.8,1,April 2023
152,2020,2,4.3,1,April 2023
156,1975,1,1114484.0,1,April 2023
156,1985,1,1732386.0,1,April 2023
156,2005,1,5524063.0,1,April 2023
156,2010,1,7943764.0,1,April 2023
156,2015,1,9248027.0,1,April 2023
156,2018,1,9888384.0,1,April 2023
156,2019,1,10041917.0,1,April 2023
156,2020,1,10190639.0,1,April 2023
156,1975,2,1.1,1,April 2023
156,1985,2,1.6,1,April 2023
156,2005,2,4.2,1,April 2023
156,2010,2,5.9,1,April 2023
156,2015,2,6.6,1,April 2023
156,2018,2,7.0,1,April 2023
156,2019,2,7.1,1,April 2023
156,2020,2,7.2,1,April 2023
344,1975,1,10958.0,1,April 2023
344,1985,1,24831.0,1,April 2023
344,2005,1,42376.0,1,April 2023
344,2010,1,41736.0,1,April 2023
344,2015,1,43475.0,1,April 2023
344,2018,1,43477.0,1,April 2023
344,2019,1,42953.0,1,April 2023
344,2020,1,34625.0,1,April 2023
344,1975,2,2.4,1,April 2023
344,1985,2,4.5,1,April 2023
344,2005,2,6.2,1,April 2023
344,2010,2,5.9,1,April 2023
344,2015,2,5.9,1,April 2023
344,2018,2,5.8,1,April 2023
344,2019,2,5.7,1,April 2023
344,2020,2,4.6,1,April 2023
170,1975,1,30061.0,1,April 2023
170,1985,1,41566.0,1,April 2023
170,2005,1,54862.0,1,April 2023
170,2010,1,60869.0,1,April 2023
170,2015,1,76529.0,1,April 2023
170,2018,1,75433.0,1,April 2023
170,2019,1,75099.0,1,April 2023
170,2020,1,75387.0,1,April 2023
170,1975,2,1.2,1,April 2023
170,1985,2,1.3,1,April 2023
170,2005,2,1.3,1,April 2023
170,2010,2,1.3,1,April 2023
170,2015,2,1.6,1,April 2023
170,2018,2,1.5,1,April 2023
170,2019,2,1.5,1,April 2023
170,2020,2,1.5,1,April 2023
178,1975,1,706.0,1,April 2023
178,1985,1,884.0,1,April 2023
178,2005,1,1001.0,1,April 2023
178,2010,1,2080.0,1,April 2023
178,2015,1,3643.0,1,April 2023
178,2018,1,3439.0,1,April 2023
178,2019,1,4054.0,1,April 2023
178,2020,1,4029.0,1,April 2023
178,1975,2,0.4,1,April 2023
178,1985,2,0.4,1,April 2023
178,2005,2,0.2,1,April 2023
178,2010,2,0.4,1,April 2023
178,2015,2,0.7,1,April 2023
178,2018,2,0.6,1,April 2023
178,2019,2,0.7,1,April 2023
178,2020,2,0.6,1,April 2023
188,1975,1,1821.0,1,April 2023
188,1985,1,2053.0,1,April 2023
188,2005,1,5691.0,1,April 2023
188,2010,1,6852.0,1,April 2023
188,2015,1,7153.0,1,April 2023
188,2018,1,7861.0,1,April 2023
188,2019,1,7699.0,1,April 2023
188,2020,1,6781.0,1,April 2023
188,1975,2,0.9,1,April 2023
188,1985,2,0.7,1,April 2023
188,2005,2,1.3,1,April 2023
188,2010,2,1.5,1,April 2023
188,2015,2,1.4,1,April 2023
188,2018,2,1.5,1,April 2023
188,2019,2,1.5,1,April 2023
188,2020,2,1.3,1,April 2023
384,1975,1,3469.0,1,April 2023
384,1985,1,3647.0,1,April 2023
384,2005,1,7156.0,1,April 2023
384,2010,1,7658.0,1,April 2023
384,2015,1,11149.0,1,April 2023
384,2018,1,11649.0,1,April 2023
384,2019,1,12332.0,1,April 2023
384,2020,1,12463.0,1,April 2023
384,1975,2,0.5,1,April 2023
384,1985,2,0.3,1,April 2023
384,2005,2,0.3,1,April 2023
384,2010,2,0.3,1,April 2023
384,2015,2,0.4,1,April 2023
384,2018,2,0.4,1,April 2023
384,2019,2,0.4,1,April 2023
384,2020,2,0.4,1,April 2023
191,2005,1,20531.0,1,April 2023
191,2010,1,18870.0,1,April 2023
191,2015,1,16037.0,1,April 2023
191,2018,1,15794.0,1,April 2023
191,2019,1,15914.0,1,April 2023
191,2020,1,14978.0,1,April 2023
191,2005,2,4.6,1,April 2023
191,2010,2,4.3,1,April 2023
191,2015,2,3.7,1,April 2023
191,2018,2,3.7,1,April 2023
191,2019,2,3.8,1,April 2023
191,2020,2,3.6,1,April 2023
192,1975,1,24651.0,1,April 2023
192,1985,1,32735.0,1,April 2023
192,2005,1,25341.0,1,April 2023
192,2010,1,27298.0,1,April 2023
192,2015,1,28638.0,1,April 2023
192,2018,1,26208.0,1,April 2023
192,2019,1,24005.0,1,April 2023
192,2020,1,24100.0,1,April 2023
192,1975,2,2.6,1,April 2023
192,1985,2,3.2,1,April 2023
192,2005,2,2.2,1,April 2023
192,2010,2,2.4,1,April 2023
192,2015,2,2.5,1,April 2023
192,2018,2,2.3,1,April 2023
192,2019,2,2.1,1,April 2023
192,2020,2,2.1,1,April 2023
531,1975,1,10250.0,1,April 2023
531,1985,1,4533.0,1,April 2023
531,2005,1,5904.0,1,April 2023
531,2010,1,4273.0,1,April 2023
531,2015,1,5728.0,1,April 2023
531,2018,1,3216.0,1,April 2023
531,2019,1,2489.0,1,April 2023
531,2020,1,2038.0,1,April 2023
531,1975,2,60.3,1,April 2023
531,1985,2,24.6,1,April 2023
531,2005,2,26.7,1,April 2023
531,2010,2,18.5,1,April 2023
531,2015,2,36.0,1,April 2023
531,2018,2,20.0,1,April 2023
531,2019,2,15.7,1,April 2023
531,2020,2,13.0,1,April 2023
196,1975,1,1675.0,1,April 2023
196,1985,1,2793.0,1,April 2023
196,2005,1,7183.0,1,April 2023
196,2010,1,7429.0,1,April 2023
196,2015,1,6050.0,1,April 2023
196,2018,1,6433.0,1,April 2023
196,2019,1,6486.0,1,April 2023
196,2020,1,5970.0,1,April 2023
196,1975,2,3.3,1,April 2023
196,1985,2,5.1,1,April 2023
196,2005,2,9.7,1,April 2023
196,2010,2,9.0,1,April 2023
196,2015,2,7.1,1,April 2023
196,2018,2,7.4,1,April 2023
196,2019,2,7.3,1,April 2023
196,2020,2,6.7,1,April 2023
203,1975,1,157889.0,1,April 2023
203,1985,1,182370.0,1,April 2023
203,2005,1,121849.0,1,April 2023
203,2010,1,114488.0,1,April 2023
203,2015,1,101442.0,1,April 2023
203,2018,1,102758.0,1,April 2023
203,2019,1,97630.0,1,April 2023
203,2020,1,88793.0,1,April 2023
203,1975,2,15.4,1,April 2023
203,1985,2,17.3,1,April 2023
203,2005,2,11.8,1,April 2023
203,2010,2,10.7,1,April 2023
203,2015,2,9.5,1,April 2023
203,2018,2,9.5,1,April 2023
203,2019,2,9.0,1,April 2023
203,2020,2,8.1,1,April 2023
408,1975,1,78810.0,1,April 2023
408,1985,1,130350.0,1,April 2023
408,2005,1,76213.0,1,April 2023
408,2010,1,49924.0,1,April 2023
408,2015,1,22915.0,1,April 2023
408,2018,1,48827.0,1,April 2023
408,2019,1,54432.0,1,April 2023
408,2020,1,51238.0,1,April 2023
408,1975,2,4.8,1,April 2023
408,1985,2,6.8,1,April 2023
408,2005,2,3.2,1,April 2023
408,2010,2,2.0,1,April 2023
408,2015,2,0.9,1,April 2023
408,2018,2,1.9,1,April 2023
408,2019,2,2.1,1,April 2023
408,2020,2,2.0,1,April 2023
180,1975,1,4443.0,1,April 2023
180,1985,1,5744.0,1,April 2023
180,2005,1,5969.0,1,April 2023
180,2010,1,7260.0,1,April 2023
180,2015,1,8794.0,1,April 2023
180,2018,1,8209.0,1,April 2023
180,2019,1,8390.0,1,April 2023
180,2020,1,8603.0,1,April 2023
180,1975,2,0.1,1,April 2023
180,1985,2,0.1,1,April 2023
180,2005,2,0.0,1,April 2023
180,2010,2,0.0,1,April 2023
180,2015,2,0.0,1,April 2023
180,2018,2,0.0,1,April 2023
180,2019,2,0.0,1,April 2023
180,2020,2,0.0,1,April 2023
208,1975,1,53168.0,1,April 2023
208,1985,1,61812.0,1,April 2023
208,2005,1,49386.0,1,April 2023
208,2010,1,48304.0,1,April 2023
208,2015,1,33547.0,1,April 2023
208,2018,1,32783.0,1,April 2023
208,2019,1,29335.0,1,April 2023
208,2020,1,26860.0,1,April 2023
208,1975,2,10.4,1,April 2023
208,1985,2,11.9,1,April 2023
208,2005,2,9.0,1,April 2023
208,2010,2,8.5,1,April 2023
208,2015,2,5.7,1,April 2023
208,2018,2,5.5,1,April 2023
208,2019,2,4.9,1,April 2023
208,2020,2,4.5,1,April 2023
214,1975,1,5485.0,1,April 2023
214,1985,1,6520.0,1,April 2023
214,2005,1,17941.0,1,April 2023
214,2010,1,19457.0,1,April 2023
214,2015,1,21988.0,1,April 2023
214,2018,1,23711.0,1,April 2023
214,2019,1,24045.0,1,April 2023
214,2020,1,21343.0,1,April 2023
214,1975,2,1.0,1,April 2023
214,1985,2,1.0,1,April 2023
214,2005,2,1.9,1,April 2023
214,2010,2,2.0,1,April 2023
214,2015,2,2.1,1,April 2023
214,2018,2,2.2,1,April 2023
214,2019,2,2.2,1,April 2023
214,2020,2,1.9,1,April 2023
218,1975,1,6356.0,1,April 2023
218,1985,1,12148.0,1,April 2023
218,2005,1,24271.0,1,April 2023
218,2010,1,32074.0,1,April 2023
218,2015,1,37777.0,1,April 2023
218,2018,1,37001.0,1,April 2023
218,2019,1,36426.0,1,April 2023
218,2020,1,31122.0,1,April 2023
218,1975,2,0.9,1,April 2023
218,1985,2,1.3,1,April 2023
218,2005,2,1.7,1,April 2023
218,2010,2,2.1,1,April 2023
218,2015,2,2.3,1,April 2023
218,2018,2,2.1,1,April 2023
218,2019,2,2.1,1,April 2023
218,2020,2,1.7,1,April 2023
818,1975,1,26038.0,1,April 2023
818,1985,1,65250.0,1,April 2023
818,2005,1,146334.0,1,April 2023
818,2010,1,178652.0,1,April 2023
818,2015,1,201574.0,1,April 2023
818,2018,1,215013.0,1,April 2023
818,2019,1,195988.0,1,April 2023
818,2020,1,190308.0,1,April 2023
818,1975,2,0.7,1,April 2023
818,1985,2,1.3,1,April 2023
818,2005,2,1.9,1,April 2023
818,2010,2,2.1,1,April 2023
818,2015,2,2.2,1,April 2023
818,2018,2,2.2,1,April 2023
818,2019,2,1.9,1,April 2023
818,2020,2,1.8,1,April 2023
222,1975,1,2411.0,1,April 2023
222,1985,1,2178.0,1,April 2023
222,2005,1,6628.0,1,April 2023
222,2010,1,6276.0,1,April 2023
222,2015,1,6800.0,1,April 2023
222,2018,1,6620.0,1,April 2023
222,2019,1,7616.0,1,April 2023
222,2020,1,6165.0,1,April 2023
222,1975,2,0.5,1,April 2023
222,1985,2,0.3,1,April 2023
222,2005,2,1.1,1,April 2023
222,2010,2,1.0,1,April 2023
222,2015,2,1.1,1,April 2023
222,2018,2,1.0,1,April 2023
222,2019,2,1.2,1,April 2023
222,2020,2,0.9,1,April 2023
226,1985,1,46.0,1,April 2023
226,2005,1,3207.0,1,April 2023
226,2010,1,4048.0,1,April 2023
226,2015,1,4453.0,1,April 2023
226,2018,1,4533.0,1,April 2023
226,2019,1,4342.0,1,April 2023
226,2020,1,3827.0,1,April 2023
226,1985,2,0.1,1,April 2023
226,2005,2,4.3,1,April 2023
226,2010,2,4.3,1,April 2023
226,2015,2,3.8,1,April 2023
226,2018,2,3.5,1,April 2023
226,2019,2,3.2,1,April 2023
226,2020,2,2.7,1,April 2023
232,2005,1,690.0,1,April 2023
232,2010,1,620.0,1,April 2023
232,2015,1,645.0,1,April 2023
232,2018,1,738.0,1,April 2023
232,2019,1,760.0,1,April 2023
232,2020,1,771.0,1,April 2023
232,2005,2,0.2,1,April 2023
232,2010,2,0.2,1,April 2023
232,2015,2,0.2,1,April 2023
232,2018,2,0.2,1,April 2023
232,2019,2,0.2,1,April 2023
232,2020,2,0.2,1,April 2023
233,2005,1,16702.0,1,April 2023
233,2010,1,18521.0,1,April 2023
233,2015,1,14458.0,1,April 2023
233,2018,1,15744.0,1,April 2023
233,2019,1,10062.0,1,April 2023
233,2020,1,7374.0,1,April 2023
233,2005,2,12.1,1,April 2023
233,2010,2,13.7,1,April 2023
233,2015,2,10.8,1,April 2023
233,2018,2,11.7,1,April 2023
233,2019,2,7.4,1,April 2023
233,2020,2,5.3,1,April 2023
748,1975,1,476.0,1,April 2023
748,1985,1,796.0,1,April 2023
748,2005,1,1153.0,1,April 2023
748,2010,1,998.0,1,April 2023
748,2015,1,1187.0,1,April 2023
748,2018,1,1253.0,1,April 2023
748,2019,1,1321.0,1,April 2023
748,2020,1,1298.0,1,April 2023
748,1975,2,0.6,1,April 2023
748,1985,2,0.8,1,April 2023
748,2005,2,1.0,1,April 2023
748,2010,2,0.8,1,April 2023
748,2015,2,0.9,1,April 2023
748,2018,2,1.0,1,April 2023
748,2019,2,1.0,1,April 2023
748,2020,2,1.0,1,April 2023
231,1975,1,5111.0,1,April 2023
231,1985,1,6295.0,1,April 2023
231,2005,1,13664.0,1,April 2023
231,2010,1,16423.0,1,April 2023
231,2015,1,22226.0,1,April 2023
231,2018,1,26263.0,1,April 2023
231,2019,1,27209.0,1,April 2023
231,2020,1,27909.0,1,April 2023
231,1975,2,0.0,1,April 2023
231,1985,2,0.0,1,April 2023
231,2005,2,0.1,1,April 2023
231,2010,2,0.1,1,April 2023
231,2015,2,0.1,1,April 2023
231,2018,2,0.1,1,April 2023
231,2019,2,0.1,1,April 2023
231,2020,2,0.1,1,April 2023
246,1975,1,45054.0,1,April 2023
246,1985,1,49251.0,1,April 2023
246,2005,1,56316.0,1,April 2023
246,2010,1,63641.0,1,April 2023
246,2015,1,43929.0,1,April 2023
246,2018,1,45464.0,1,April 2023
246,2019,1,42074.0,1,April 2023
246,2020,1,37306.0,1,April 2023
246,1975,2,9.4,1,April 2023
246,1985,2,9.9,1,April 2023
246,2005,2,10.5,1,April 2023
246,2010,2,11.6,1,April 2023
246,2015,2,7.7,1,April 2023
246,2018,2,7.9,1,April 2023
246,2019,2,7.3,1,April 2023
246,2020,2,6.5,1,April 2023
250,1975,1,430943.0,1,April 2023
250,1985,1,359539.0,1,April 2023
250,2005,1,378408.0,1,April 2023
250,2010,1,347109.0,1,April 2023
250,2015,1,311285.0,1,April 2023
250,2018,1,306981.0,1,April 2023
250,2019,1,300520.0,1,April 2023
250,2020,1,267036.0,1,April 2023
250,1975,2,7.9,1,April 2023
250,1985,2,6.2,1,April 2023
250,2005,2,5.9,1,April 2023
250,2010,2,5.2,1,April 2023
250,2015,2,4.6,1,April 2023
250,2018,2,4.5,1,April 2023
250,2019,2,4.3,1,April 2023
250,2020,2,3.8,1,April 2023
266,1975,1,925.0,1,April 2023
266,1985,1,1898.0,1,April 2023
266,2005,1,2172.0,1,April 2023
266,2010,1,3286.0,1,April 2023
266,2015,1,3911.0,1,April 2023
266,2018,1,3095.0,1,April 2023
266,2019,1,3080.0,1,April 2023
266,2020,1,3142.0,1,April 2023
266,1975,2,1.2,1,April 2023
266,1985,2,2.0,1,April 2023
266,2005,2,1.3,1,April 2023
266,2010,2,1.6,1,April 2023
266,2015,2,1.7,1,April 2023
266,2018,2,1.2,1,April 2023
266,2019,2,1.1,1,April 2023
266,2020,2,1.1,1,April 2023
268,2005,1,4244.0,1,April 2023
268,2010,1,5188.0,1,April 2023
268,2015,1,9003.0,1,April 2023
268,2018,1,9195.0,1,April 2023
268,2019,1,9742.0,1,April 2023
268,2020,1,9506.0,1,April 2023
268,2005,2,1.0,1,April 2023
268,2010,2,1.3,1,April 2023
268,2015,2,2.3,1,April 2023
268,2018,2,2.4,1,April 2023
268,2019,2,2.6,1,April 2023
268,2020,2,2.5,1,April 2023
276,1975,1,985008.0,1,April 2023
276,1985,1,1016975.0,1,April 2023
276,2005,1,796347.0,1,April 2023
276,2010,1,769624.0,1,April 2023
276,2015,1,739890.0,1,April 2023
276,2018,1,704489.0,1,April 2023
276,2019,1,655181.0,1,April 2023
276,2020,1,599289.0,1,April 2023
276,1975,2,12.4,1,April 2023
276,1985,2,12.9,1,April 2023
276,2005,2,9.7,1,April 2023
276,2010,2,9.5,1,April 2023
276,2015,2,8.9,1,April 2023
276,2018,2,8.4,1,April 2023
276,2019,2,7.8,1,April 2023
276,2020,2,7.1,1,April 2023
288,1975,1,3000.0,1,April 2023
288,1985,1,2952.0,1,April 2023
288,2005,1,7106.0,1,April 2023
288,2010,1,11138.0,1,April 2023
288,2015,1,14979.0,1,April 2023
288,2018,1,17429.0,1,April 2023
288,2019,1,18722.0,1,April 2023
288,2020,1,20099.0,1,April 2023
288,1975,2,0.2,1,April 2023
288,1985,2,0.2,1,April 2023
288,2005,2,0.3,1,April 2023
288,2010,2,0.4,1,April 2023
288,2015,2,0.5,1,April 2023
288,2018,2,0.6,1,April 2023
288,2019,2,0.6,1,April 2023
288,2020,2,0.6,1,April 2023
292,1975,1,63.0,1,April 2023
292,1985,1,91.0,1,April 2023
292,2005,1,412.0,1,April 2023
292,2010,1,482.0,1,April 2023
292,2015,1,596.0,1,April 2023
292,2018,1,701.0,1,April 2023
292,2019,1,729.0,1,April 2023
292,2020,1,656.0,1,April 2023
292,1975,2,2.1,1,April 2023
292,1985,2,3.1,1,April 2023
292,2005,2,12.3,1,April 2023
292,2010,2,14.0,1,April 2023
292,2015,2,17.3,1,April 2023
292,2018,2,20.3,1,April 2023
292,2019,2,21.1,1,April 2023
292,2020,2,19.0,1,April 2023
300,1975,1,34540.0,1,April 2023
300,1985,1,55147.0,1,April 2023
300,2005,1,96322.0,1,April 2023
300,2010,1,84452.0,1,April 2023
300,2015,1,65519.0,1,April 2023
300,2018,1,62496.0,1,April 2023
300,2019,1,57484.0,1,April 2023
300,2020,1,48770.0,1,April 2023
300,1975,2,3.7,1,April 2023
300,1985,2,5.4,1,April 2023
300,2005,2,8.7,1,April 2023
300,2010,2,7.5,1,April 2023
300,2015,2,6.0,1,April 2023
300,2018,2,5.7,1,April 2023
300,2019,2,5.3,1,April 2023
300,2020,2,4.5,1,April 2023
320,1975,1,3826.0,1,April 2023
320,1985,1,4094.0,1,April 2023
320,2005,1,12478.0,1,April 2023
320,2010,1,12549.0,1,April 2023
320,2015,1,17523.0,1,April 2023
320,2018,1,19749.0,1,April 2023
320,2019,1,20821.0,1,April 2023
320,2020,1,18584.0,1,April 2023
320,1975,2,0.5,1,April 2023
320,1985,2,0.4,1,April 2023
320,2005,2,0.8,1,April 2023
320,2010,2,0.7,1,April 2023
320,2015,2,1.0,1,April 2023
320,2018,2,1.0,1,April 2023
320,2019,2,1.1,1,April 2023
320,2020,2,0.9,1,April 2023
328,1975,1,1888.0,1,April 2023
328,1985,1,1554.0,1,April 2023
328,2005,1,1530.0,1,April 2023
328,2010,1,1807.0,1,April 2023
328,2015,1,2087.0,1,April 2023
328,2018,1,2470.0,1,April 2023
328,2019,1,2679.0,1,April 2023
328,2020,1,2655.0,1,April 2023
328,1975,2,2.5,1,April 2023
328,1985,2,1.9,1,April 2023
328,2005,2,2.0,1,April 2023
328,2010,2,2.3,1,April 2023
328,2015,2,2.7,1,April 2023
328,2018,2,3.1,1,April 2023
328,2019,2,3.4,1,April 2023
328,2020,2,3.3,1,April 2023
332,1975,1,861.0,1,April 2023
332,1985,1,1266.0,1,April 2023
332,2005,1,2209.0,1,April 2023
332,2010,1,3063.0,1,April 2023
332,2015,1,3994.0,1,April 2023
332,2018,1,4036.0,1,April 2023
332,2019,1,4075.0,1,April 2023
332,2020,1,3939.0,1,April 2023
332,1975,2,0.1,1,April 2023
332,1985,2,0.1,1,April 2023
332,2005,2,0.2,1,April 2023
332,2010,2,0.2,1,April 2023
332,2015,2,0.3,1,April 2023
332,2018,2,0.3,1,April 2023
332,2019,2,0.3,1,April 2023
332,2020,2,0.3,1,April 2023
340,1975,1,1690.0,1,April 2023
340,1985,1,2114.0,1,April 2023
340,2005,1,7034.0,1,April 2023
340,2010,1,8053.0,1,April 2023
340,2015,1,10720.0,1,April 2023
340,2018,1,8899.0,1,April 2023
340,2019,1,10144.0,1,April 2023
340,2020,1,8894.0,1,April 2023
340,1975,2,0.4,1,April 2023
340,1985,2,0.4,1,April 2023
340,2005,2,0.9,1,April 2023
340,2010,2,0.9,1,April 2023
340,2015,2,1.1,1,April 2023
340,2018,2,0.9,1,April 2023
340,2019,2,1.0,1,April 2023
340,2020,2,0.8,1,April 2023
348,1975,1,71241.0,1,April 2023
348,1985,1,81221.0,1,April 2023
348,2005,1,55629.0,1,April 2023
348,2010,1,48266.0,1,April 2023
348,2015,1,43873.0,1,April 2023
348,2018,1,49394.0,1,April 2023
348,2019,1,47281.0,1,April 2023
348,2020,1,44844.0,1,April 2023
348,1975,2,6.7,1,April 2023
348,1985,2,7.5,1,April 2023
348,2005,2,5.4,1,April 2023
348,2010,2,4.7,1,April 2023
348,2015,2,4.3,1,April 2023
348,2018,2,4.9,1,April 2023
348,2019,2,4.7,1,April 2023
348,2020,2,4.5,1,April 2023
352,1975,1,1631.0,1,April 2023
352,1985,1,1647.0,1,April 2023
352,2005,1,2235.0,1,April 2023
352,2010,1,1978.0,1,April 2023
352,2015,1,2090.0,1,April 2023
352,2018,1,1731.0,1,April 2023
352,2019,1,1669.0,1,April 2023
352,2020,1,1474.0,1,April 2023
352,1975,2,7.4,1,April 2023
352,1985,2,6.8,1,April 2023
352,2005,2,7.5,1,April 2023
352,2010,2,6.1,1,April 2023
352,2015,2,6.2,1,April 2023
352,2018,2,4.8,1,April 2023
352,2019,2,4.5,1,April 2023
352,2020,2,3.9,1,April 2023
356,1975,1,243733.0,1,April 2023
356,1985,1,409751.0,1,April 2023
356,2005,1,1120993.0,1,April 2023
356,2010,1,1625063.0,1,April 2023
356,2015,1,2094130.0,1,April 2023
356,2018,1,2378298.0,1,April 2023
356,2019,1,2339341.0,1,April 2023
356,2020,1,2135190.0,1,April 2023
356,1975,2,0.4,1,April 2023
356,1985,2,0.5,1,April 2023
356,2005,2,0.9,1,April 2023
356,2010,2,1.3,1,April 2023
356,2015,2,1.6,1,April 2023
356,2018,2,1.7,1,April 2023
356,2019,2,1.7,1,April 2023
356,2020,2,1.5,1,April 2023
360,1975,1,47969.0,1,April 2023
360,1985,1,96114.0,1,April 2023
360,2005,1,336464.0,1,April 2023
360,2010,1,410785.0,1,April 2023
360,2015,1,474377.0,1,April 2023
360,2018,1,547124.0,1,April 2023
360,2019,1,584412.0,1,April 2023
360,2020,1,544485.0,1,April 2023
360,1975,2,0.3,1,April 2023
360,1985,2,0.5,1,April 2023
360,2005,2,1.4,1,April 2023
360,2010,2,1.6,1,April 2023
360,2015,2,1.8,1,April 2023
360,2018,2,2.0,1,April 2023
360,2019,2,2.1,1,April 2023
360,2020,2,2.0,1,April 2023
364,1975,1,68648.0,1,April 2023
364,1985,1,146421.0,1,April 2023
364,2005,1,421593.0,1,April 2023
364,2010,1,503021.0,1,April 2023
364,2015,1,560799.0,1,April 2023
364,2018,1,591385.0,1,April 2023
364,2019,1,583855.0,1,April 2023
364,2020,1,572912.0,1,April 2023
364,1975,2,2.1,1,April 2023
364,1985,2,3.1,1,April 2023
364,2005,2,6.0,1,April 2023
364,2010,2,6.8,1,April 2023
364,2015,2,7.1,1,April 2023
364,2018,2,7.2,1,April 2023
364,2019,2,7.0,1,April 2023
364,2020,2,6.8,1,April 2023
368,1975,1,15686.0,1,April 2023
368,1985,1,38435.0,1,April 2023
368,2005,1,71968.0,1,April 2023
368,2010,1,90090.0,1,April 2023
368,2015,1,100792.0,1,April 2023
368,2018,1,128194.0,1,April 2023
368,2019,1,139578.0,1,April 2023
368,2020,1,122846.0,1,April 2023
368,1975,2,1.3,1,April 2023
368,1985,2,2.4,1,April 2023
368,2005,2,2.6,1,April 2023
368,2010,2,3.0,1,April 2023
368,2015,2,2.8,1,April 2023
368,2018,2,3.3,1,April 2023
368,2019,2,3.5,1,April 2023
368,2020,2,3.0,1,April 2023
372,1975,1,21641.0,1,April 2023
372,1985,1,27085.0,1,April 2023
372,2005,1,44909.0,1,April 2023
372,2010,1,39821.0,1,April 2023
372,2015,1,35983.0,1,April 2023
372,2018,1,36103.0,1,April 2023
372,2019,1,34446.0,1,April 2023
372,2020,1,32458.0,1,April 2023
372,1975,2,6.7,1,April 2023
372,1985,2,7.5,1,April 2023
372,2005,2,10.7,1,April 2023
372,2010,2,8.6,1,April 2023
372,2015,2,7.6,1,April 2023
372,2018,2,7.3,1,April 2023
372,2019,2,6.9,1,April 2023
372,2020,2,6.4,1,April 2023
376,1975,1,16557.0,1,April 2023
376,1985,1,24534.0,1,April 2023
376,2005,1,59347.0,1,April 2023
376,2010,1,69065.0,1,April 2023
376,2015,1,64630.0,1,April 2023
376,2018,1,60257.0,1,April 2023
376,2019,1,61927.0,1,April 2023
376,2020,1,58014.0,1,April 2023
376,1975,2,4.8,1,April 2023
376,1985,2,5.7,1,April 2023
376,2005,2,8.5,1,April 2023
376,2010,2,9.0,1,April 2023
376,2015,2,7.6,1,April 2023
376,2018,2,6.7,1,April 2023
376,2019,2,6.8,1,April 2023
376,2020,2,6.2,1,April 2023
380,1975,1,319892.0,1,April 2023
380,1985,1,345299.0,1,April 2023
380,2005,1,461849.0,1,April 2023
380,2010,1,398376.0,1,April 2023
380,2015,1,335503.0,1,April 2023
380,2018,1,322796.0,1,April 2023
380,2019,1,314965.0,1,April 2023
380,2020,1,279321.0,1,April 2023
380,1975,2,5.7,1,April 2023
380,1985,2,6.0,1,April 2023
380,2005,2,7.9,1,April 2023
380,2010,2,6.6,1,April 2023
380,2015,2,5.5,1,April 2023
380,2018,2,5.3,1,April 2023
380,2019,2,5.2,1,April 2023
380,2020,2,4.6,1,April 2023
388,1975,1,7171.0,1,April 2023
388,1985,1,4751.0,1,April 2023
388,2005,1,10404.0,1,April 2023
388,2010,1,7259.0,1,April 2023
388,2015,1,6783.0,1,April 2023
388,2018,1,8397.0,1,April 2023
388,2019,1,8193.0,1,April 2023
388,2020,1,5547.0,1,April 2023
388,1975,2,3.5,1,April 2023
388,1985,2,2.0,1,April 2023
388,2005,2,3.8,1,April 2023
388,2010,2,2.6,1,April 2023
388,2015,2,2.3,1,April 2023
388,2018,2,2.8,1,April 2023
388,2019,2,2.7,1,April 2023
388,2020,2,1.8,1,April 2023
392,1975,1,856046.0,1,April 2023
392,1985,1,873173.0,1,April 2023
392,2005,1,1193987.0,1,April 2023
392,2010,1,1143210.0,1,April 2023
392,2015,1,1162431.0,1,April 2023
392,2018,1,1094747.0,1,April 2023
392,2019,1,1057961.0,1,April 2023
392,2020,1,998658.0,1,April 2023
392,1975,2,7.6,1,April 2023
392,1985,2,7.2,1,April 2023
392,2005,2,9.3,1,April 2023
392,2010,2,8.9,1,April 2023
392,2015,2,9.1,1,April 2023
392,2018,2,8.6,1,April 2023
392,2019,2,8.3,1,April 2023
392,2020,2,7.9,1,April 2023
400,1975,1,2181.0,1,April 2023
400,1985,1,7551.0,1,April 2023
400,2005,1,18623.0,1,April 2023
400,2010,1,18969.0,1,April 2023
400,2015,1,23987.0,1,April 2023
400,2018,1,23275.0,1,April 2023
400,2019,1,22309.0,1,April 2023
400,2020,1,20199.0,1,April 2023
400,1975,2,1.0,1,April 2023
400,1985,2,2.6,1,April 2023
400,2005,2,3.2,1,April 2023
400,2010,2,2.6,1,April 2023
400,2015,2,2.6,1,April 2023
400,2018,2,2.3,1,April 2023
400,2019,2,2.2,1,April 2023
400,2020,2,2.0,1,April 2023
398,2005,1,157981.0,1,April 2023
398,2010,1,223026.0,1,April 2023
398,2015,1,182077.0,1,April 2023
398,2018,1,211391.0,1,April 2023
398,2019,1,200116.0,1,April 2023
398,2020,1,207064.0,1,April 2023
398,2005,2,10.4,1,April 2023
398,2010,2,13.6,1,April 2023
398,2015,2,10.3,1,April 2023
398,2018,2,11.4,1,April 2023
398,2019,2,10.7,1,April 2023
398,2020,2,10.9,1,April 2023
404,1975,1,4559.0,1,April 2023
404,1985,1,6162.0,1,April 2023
404,2005,1,10483.0,1,April 2023
404,2010,1,14867.0,1,April 2023
404,2015,1,18757.0,1,April 2023
404,2018,1,20368.0,1,April 2023
404,2019,1,20734.0,1,April 2023
404,2020,1,20061.0,1,April 2023
404,1975,2,0.3,1,April 2023
404,1985,2,0.2,1,April 2023
404,2005,2,0.2,1,April 2023
404,2010,2,0.3,1,April 2023
404,2015,2,0.3,1,April 2023
404,2018,2,0.3,1,April 2023
404,2019,2,0.3,1,April 2023
404,2020,2,0.3,1,April 2023
412,2005,1,6759.0,1,April 2023
412,2010,1,8865.0,1,April 2023
412,2015,1,8775.0,1,April 2023
412,2018,1,8453.0,1,April 2023
412,2019,1,8801.0,1,April 2023
412,2020,1,8897.0,1,April 2023
412,2005,2,3.9,1,April 2023
412,2010,2,4.9,1,April 2023
412,2015,2,4.8,1,April 2023
412,2018,2,4.6,1,April 2023
412,2019,2,4.8,1,April 2023
412,2020,2,4.9,1,April 2023
414,1975,1,15199.0,1,April 2023
414,1985,1,36818.0,1,April 2023
414,2005,1,65134.0,1,April 2023
414,2010,1,77649.0,1,April 2023
414,2015,1,86722.0,1,April 2023
414,2018,1,90419.0,1,April 2023
414,2019,1,91454.0,1,April 2023
414,2020,1,90026.0,1,April 2023
414,1975,2,14.8,1,April 2023
414,1985,2,21.0,1,April 2023
414,2005,2,28.5,1,April 2023
414,2010,2,25.8,1,April 2023
414,2015,2,22.5,1,April 2023
414,2018,2,21.7,1,April 2023
414,2019,2,21.6,1,April 2023
414,2020,2,21.0,1,April 2023
417,2005,1,4949.0,1,April 2023
417,2010,1,6137.0,1,April 2023
417,2015,1,9771.0,1,April 2023
417,2018,1,10616.0,1,April 2023
417,2019,1,9283.0,1,April 2023
417,2020,1,8364.0,1,April 2023
417,2005,2,1.0,1,April 2023
417,2010,2,1.1,1,April 2023
417,2015,2,1.6,1,April 2023
417,2018,2,1.6,1,April 2023
417,2019,2,1.4,1,April 2023
417,2020,2,1.2,1,April 2023
418,2005,1,1636.0,1,April 2023
418,2010,1,2972.0,1,April 2023
418,2015,1,8259.0,1,April 2023
418,2018,1,18447.0,1,April 2023
418,2019,1,17784.0,1,April 2023
418,2020,1,17422.0,1,April 2023
418,2005,2,0.2,1,April 2023
418,2010,2,0.4,1,April 2023
418,2015,2,1.1,1,April 2023
418,2018,2,2.5,1,April 2023
418,2019,2,2.4,1,April 2023
418,2020,2,2.3,1,April 2023
428,2005,1,8040.0,1,April 2023
428,2010,1,8489.0,1,April 2023
428,2015,1,7209.0,1,April 2023
428,2018,1,7639.0,1,April 2023
428,2019,1,7398.0,1,April 2023
428,2020,1,6734.0,1,April 2023
428,2005,2,3.4,1,April 2023
428,2010,2,3.9,1,April 2023
428,2015,2,3.5,1,April 2023
428,2018,2,3.8,1,April 2023
428,2019,2,3.7,1,April 2023
428,2020,2,3.4,1,April 2023
422,1975,1,5817.0,1,April 2023
422,1985,1,6748.0,1,April 2023
422,2005,1,14759.0,1,April 2023
422,2010,1,18558.0,1,April 2023
422,2015,1,24968.0,1,April 2023
422,2018,1,25709.0,1,April 2023
422,2019,1,25862.0,1,April 2023
422,2020,1,20830.0,1,April 2023
422,1975,2,2.2,1,April 2023
422,1985,2,2.5,1,April 2023
422,2005,2,3.1,1,April 2023
422,2010,2,3.7,1,April 2023
422,2015,2,3.8,1,April 2023
422,2018,2,3.7,1,April 2023
422,2019,2,3.7,1,April 2023
422,2020,2,3.0,1,April 2023
434,1975,1,8858.0,1,April 2023
434,1985,1,18406.0,1,April 2023
434,2005,1,44415.0,1,April 2023
434,2010,1,51172.0,1,April 2023
434,2015,1,45657.0,1,April 2023
434,2018,1,45229.0,1,April 2023
434,2019,1,45431.0,1,April 2023
434,2020,1,39808.0,1,April 2023
434,1975,2,3.3,1,April 2023
434,1985,2,4.7,1,April 2023
434,2005,2,7.6,1,April 2023
434,2010,2,8.2,1,April 2023
434,2015,2,7.0,1,April 2023
434,2018,2,6.7,1,April 2023
434,2019,2,6.6,1,April 2023
434,2020,2,5.7,1,April 2023
440,2005,1,12827.0,1,April 2023
440,2010,1,12721.0,1,April 2023
440,2015,1,10961.0,1,April 2023
440,2018,1,11586.0,1,April 2023
440,2019,1,11592.0,1,April 2023
440,2020,1,11575.0,1,April 2023
440,2005,2,3.8,1,April 2023
440,2010,2,4.0,1,April 2023
440,2015,2,3.6,1,April 2023
440,2018,2,4.0,1,April 2023
440,2019,2,4.0,1,April 2023
440,2020,2,4.0,1,April 2023
442,1975,1,12800.0,1,April 2023
442,1985,1,10415.0,1,April 2023
442,2005,1,11667.0,1,April 2023
442,2010,1,10824.0,1,April 2023
442,2015,1,8963.0,1,April 2023
442,2018,1,9130.0,1,April 2023
442,2019,1,9288.0,1,April 2023
442,2020,1,7614.0,1,April 2023
442,1975,2,35.5,1,April 2023
442,1985,2,28.2,1,April 2023
442,2005,2,24.7,1,April 2023
442,2010,2,21.0,1,April 2023
442,2015,2,15.5,1,April 2023
442,2018,2,14.7,1,April 2023
442,2019,2,14.6,1,April 2023
442,2020,2,11.8,1,April 2023
450,1975,1,1158.0,1,April 2023
450,1985,1,1284.0,1,April 2023
450,2005,1,2681.0,1,April 2023
450,2010,1,2944.0,1,April 2023
450,2015,1,4475.0,1,April 2023
450,2018,1,4966.0,1,April 2023
450,2019,1,5615.0,1,April 2023
450,2020,1,4463.0,1,April 2023
450,1975,2,0.1,1,April 2023
450,1985,2,0.1,1,April 2023
450,2005,2,0.1,1,April 2023
450,2010,2,0.1,1,April 2023
450,2015,2,0.1,1,April 2023
450,2018,2,0.1,1,April 2023
450,2019,2,0.1,1,April 2023
450,2020,2,0.1,1,April 2023
458,1975,1,16628.0,1,April 2023
458,1985,1,33432.0,1,April 2023
458,2005,1,157326.0,1,April 2023
458,2010,1,191635.0,1,April 2023
458,2015,1,222541.0,1,April 2023
458,2018,1,230363.0,1,April 2023
458,2019,1,233636.0,1,April 2023
458,2020,1,231571.0,1,April 2023
458,1975,2,1.3,1,April 2023
458,1985,2,2.1,1,April 2023
458,2005,2,6.1,1,April 2023
458,2010,2,6.7,1,April 2023
458,2015,2,7.3,1,April 2023
458,2018,2,7.2,1,April 2023
458,2019,2,7.2,1,April 2023
458,2020,2,7.1,1,April 2023
470,1975,1,658.0,1,April 2023
470,1985,1,1166.0,1,April 2023
470,2005,1,2645.0,1,April 2023
470,2010,1,2607.0,1,April 2023
470,2015,1,1677.0,1,April 2023
470,2018,1,1572.0,1,April 2023
470,2019,1,1680.0,1,April 2023
470,2020,1,1630.0,1,April 2023
470,1975,2,2.1,1,April 2023
470,1985,2,3.5,1,April 2023
470,2005,2,6.5,1,April 2023
470,2010,2,6.2,1,April 2023
470,2015,2,3.7,1,April 2023
470,2018,2,3.2,1,April 2023
470,2019,2,3.3,1,April 2023
470,2020,2,3.1,1,April 2023
480,1975,1,453.0,1,April 2023
480,1985,1,642.0,1,April 2023
480,2005,1,3012.0,1,April 2023
480,2010,1,3716.0,1,April 2023
480,2015,1,4020.0,1,April 2023
480,2018,1,4192.0,1,April 2023
480,2019,1,4233.0,1,April 2023
480,2020,1,3771.0,1,April 2023
480,1975,2,0.5,1,April 2023
480,1985,2,0.6,1,April 2023
480,2005,2,2.4,1,April 2023
480,2010,2,2.9,1,April 2023
480,2015,2,3.1,1,April 2023
480,2018,2,3.3,1,April 2023
480,2019,2,3.3,1,April 2023
480,2020,2,2.9,1,April 2023
484,1975,1,138036.0,1,April 2023
484,1985,1,245883.0,1,April 2023
484,2005,1,419577.0,1,April 2023
484,2010,1,448146.0,1,April 2023
484,2015,1,450100.0,1,April 2023
484,2018,1,423764.0,1,April 2023
484,2019,1,430962.0,1,April 2023
484,2020,1,356841.0,1,April 2023
484,1975,2,2.2,1,April 2023
484,1985,2,3.1,1,April 2023
484,2005,2,3.9,1,April 2023
484,2010,2,3.9,1,April 2023
484,2015,2,3.7,1,April 2023
484,2018,2,3.3,1,April 2023
484,2019,2,3.4,1,April 2023
484,2020,2,2.8,1,April 2023
496,1985,1,11941.0,1,April 2023
496,2005,1,11207.0,1,April 2023
496,2010,1,14436.0,1,April 2023
496,2015,1,17418.0,1,April 2023
496,2018,1,21524.0,1,April 2023
496,2019,1,23062.0,1,April 2023
496,2020,1,21050.0,1,April 2023
496,1985,2,6.1,1,April 2023
496,2005,2,4.4,1,April 2023
496,2010,2,5.2,1,April 2023
496,2015,2,5.7,1,April 2023
496,2018,2,6.7,1,April 2023
496,2019,2,7.0,1,April 2023
496,2020,2,6.3,1,April 2023
499,2005,1,2076.0,1,April 2023
499,2010,1,2668.0,1,April 2023
499,2015,1,2439.0,1,April 2023
499,2018,1,2576.0,1,April 2023
499,2019,1,2676.0,1,April 2023
499,2020,1,2601.0,1,April 2023
499,2005,2,3.3,1,April 2023
499,2010,2,4.2,1,April 2023
499,2015,2,3.8,1,April 2023
499,2018,2,4.0,1,April 2023
499,2019,2,4.2,1,April 2023
499,2020,2,4.1,1,April 2023
504,1975,1,10004.0,1,April 2023
504,1985,1,16713.0,1,April 2023
504,2005,1,40281.0,1,April 2023
504,2010,1,47285.0,1,April 2023
504,2015,1,56032.0,1,April 2023
504,2018,1,60345.0,1,April 2023
504,2019,1,66971.0,1,April 2023
504,2020,1,63151.0,1,April 2023
504,1975,2,0.5,1,April 2023
504,1985,2,0.7,1,April 2023
504,2005,2,1.3,1,April 2023
504,2010,2,1.4,1,April 2023
504,2015,2,1.6,1,April 2023
504,2018,2,1.7,1,April 2023
504,2019,2,1.8,1,April 2023
504,2020,2,1.7,1,April 2023
508,1975,1,3883.0,1,April 2023
508,1985,1,2988.0,1,April 2023
508,2005,1,3867.0,1,April 2023
508,2010,1,3571.0,1,April 2023
508,2015,1,6603.0,1,April 2023
508,2018,1,7777.0,1,April 2023
508,2019,1,8353.0,1,April 2023
508,2020,1,7754.0,1,April 2023
508,1975,2,0.2,1,April 2023
508,1985,2,0.1,1,April 2023
508,2005,2,0.1,1,April 2023
508,2010,2,0.1,1,April 2023
508,2015,2,0.2,1,April 2023
508,2018,2,0.2,1,April 2023
508,2019,2,0.2,1,April 2023
508,2020,2,0.2,1,April 2023
104,1975,1,6232.0,1,April 2023
104,1985,1,8623.0,1,April 2023
104,2005,1,14336.0,1,April 2023
104,2010,1,11715.0,1,April 2023
104,2015,1,22680.0,1,April 2023
104,2018,1,34484.0,1,April 2023
104,2019,1,35262.0,1,April 2023
104,2020,1,34888.0,1,April 2023
104,1975,2,0.1,1,April 2023
104,1985,2,0.2,1,April 2023
104,2005,2,0.2,1,April 2023
104,2010,2,0.2,1,April 2023
104,2015,2,0.4,1,April 2023
104,2018,2,0.6,1,April 2023
104,2019,2,0.6,1,April 2023
104,2020,2,0.6,1,April 2023
516,2005,1,2637.0,1,April 2023
516,2010,1,3220.0,1,April 2023
516,2015,1,3925.0,1,April 2023
516,2018,1,3914.0,1,April 2023
516,2019,1,3914.0,1,April 2023
516,2020,1,3597.0,1,April 2023
516,2005,2,1.3,1,April 2023
516,2010,2,1.5,1,April 2023
516,2015,2,1.7,1,April 2023
516,2018,2,1.6,1,April 2023
516,2019,2,1.5,1,April 2023
516,2020,2,1.4,1,April 2023
524,1975,1,1744.0,1,April 2023
524,1985,1,2324.0,1,April 2023
524,2005,1,5952.0,1,April 2023
524,2010,1,7258.0,1,April 2023
524,2015,1,9111.0,1,April 2023
524,2018,1,15376.0,1,April 2023
524,2019,1,13773.0,1,April 2023
524,2020,1,15856.0,1,April 2023
524,1975,2,0.0,1,April 2023
524,1985,2,0.0,1,April 2023
524,2005,2,0.1,1,April 2023
524,2010,2,0.2,1,April 2023
524,2015,2,0.2,1,April 2023
524,2018,2,0.4,1,April 2023
524,2019,2,0.4,1,April 2023
524,2020,2,0.4,1,April 2023
528,1975,1,132885.0,1,April 2023
528,1985,1,139358.0,1,April 2023
528,2005,1,168921.0,1,April 2023
528,2010,1,172314.0,1,April 2023
528,2015,1,158609.0,1,April 2023
528,2018,1,152708.0,1,April 2023
528,2019,1,147500.0,1,April 2023
528,2020,1,131762.0,1,April 2023
528,1975,2,9.7,1,April 2023
528,1985,2,9.6,1,April 2023
528,2005,2,10.3,1,April 2023
528,2010,2,10.3,1,April 2023
528,2015,2,9.3,1,April 2023
528,2018,2,8.8,1,April 2023
528,2019,2,8.4,1,April 2023
528,2020,2,7.5,1,April 2023
554,1975,1,16778.0,1,April 2023
554,1985,1,19261.0,1,April 2023
554,2005,1,34228.0,1,April 2023
554,2010,1,30952.0,1,April 2023
554,2015,1,31975.0,1,April 2023
554,2018,1,32399.0,1,April 2023
554,2019,1,34015.0,1,April 2023
554,2020,1,31340.0,1,April 2023
554,1975,2,5.3,1,April 2023
554,1985,2,5.8,1,April 2023
554,2005,2,8.1,1,April 2023
554,2010,2,7.0,1,April 2023
554,2015,2,6.8,1,April 2023
554,2018,2,6.5,1,April 2023
554,2019,2,6.7,1,April 2023
554,2020,2,6.0,1,April 2023
558,1975,1,2104.0,1,April 2023
558,1985,1,2113.0,1,April 2023
558,2005,1,4513.0,1,April 2023
558,2010,1,4708.0,1,April 2023
558,2015,1,5459.0,1,April 2023
558,2018,1,5235.0,1,April 2023
558,2019,1,5387.0,1,April 2023
558,2020,1,4862.0,1,April 2023
558,1975,2,0.7,1,April 2023
558,1985,2,0.5,1,April 2023
558,2005,2,0.8,1,April 2023
558,2010,2,0.7,1,April 2023
558,2015,2,0.8,1,April 2023
558,2018,2,0.7,1,April 2023
558,2019,2,0.8,1,April 2023
558,2020,2,0.7,1,April 2023
562,1975,1,541.0,1,April 2023
562,1985,1,925.0,1,April 2023
562,2005,1,1260.0,1,April 2023
562,2010,1,1980.0,1,April 2023
562,2015,1,2803.0,1,April 2023
562,2018,1,2768.0,1,April 2023
562,2019,1,3007.0,1,April 2023
562,2020,1,3129.0,1,April 2023
562,1975,2,0.1,1,April 2023
562,1985,2,0.1,1,April 2023
562,2005,2,0.1,1,April 2023
562,2010,2,0.1,1,April 2023
562,2015,2,0.1,1,April 2023
562,2018,2,0.1,1,April 2023
562,2019,2,0.1,1,April 2023
562,2020,2,0.1,1,April 2023
566,1975,1,22939.0,1,April 2023
566,1985,1,47981.0,1,April 2023
566,2005,1,84440.0,1,April 2023
566,2010,1,89038.0,1,April 2023
566,2015,1,121822.0,1,April 2023
566,2018,1,129864.0,1,April 2023
566,2019,1,135415.0,1,April 2023
566,2020,1,128450.0,1,April 2023
566,1975,2,0.2,1,April 2023
566,1985,2,0.4,1,April 2023
566,2005,2,0.4,1,April 2023
566,2010,2,0.4,1,April 2023
566,2015,2,0.5,1,April 2023
566,2018,2,0.5,1,April 2023
566,2019,2,0.5,1,April 2023
566,2020,2,0.4,1,April 2023
807,2005,1,9017.0,1,April 2023
807,2010,1,8463.0,1,April 2023
807,2015,1,7286.0,1,April 2023
807,2018,1,7084.0,1,April 2023
807,2019,1,8100.0,1,April 2023
807,2020,1,6930.0,1,April 2023
807,2005,2,4.4,1,April 2023
807,2010,2,4.1,1,April 2023
807,2015,2,3.5,1,April 2023
807,2018,2,3.4,1,April 2023
807,2019,2,3.8,1,April 2023
807,2020,2,3.3,1,April 2023
578,1975,1,23879.0,1,April 2023
578,1985,1,26912.0,1,April 2023
578,2005,1,35195.0,1,April 2023
578,2010,1,39417.0,1,April 2023
578,2015,1,39517.0,1,April 2023
578,2018,1,38125.0,1,April 2023
578,2019,1,37240.0,1,April 2023
578,2020,1,35739.0,1,April 2023
578,1975,2,5.9,1,April 2023
578,1985,2,6.4,1,April 2023
578,2005,2,7.5,1,April 2023
578,2010,2,7.9,1,April 2023
578,2015,2,7.5,1,April 2023
578,2018,2,7.1,1,April 2023
578,2019,2,6.8,1,April 2023
578,2020,2,6.5,1,April 2023
512,1975,1,733.0,1,April 2023
512,1985,1,5692.0,1,April 2023
512,2005,1,25341.0,1,April 2023
512,2010,1,42752.0,1,April 2023
512,2015,1,64183.0,1,April 2023
512,2018,1,69177.0,1,April 2023
512,2019,1,69337.0,1,April 2023
512,2020,1,64519.0,1,April 2023
512,1975,2,0.8,1,April 2023
512,1985,2,3.8,1,April 2023
512,2005,2,10.0,1,April 2023
512,2010,2,14.0,1,April 2023
512,2015,2,14.9,1,April 2023
512,2018,2,14.2,1,April 2023
512,2019,2,13.8,1,April 2023
512,2020,2,12.6,1,April 2023
586,1975,1,24101.0,1,April 2023
586,1985,1,42170.0,1,April 2023
586,2005,1,124722.0,1,April 2023
586,2010,1,140334.0,1,April 2023
586,2015,1,163304.0,1,April 2023
586,2018,1,184479.0,1,April 2023
586,2019,1,181970.0,1,April 2023
586,2020,1,180001.0,1,April 2023
586,1975,2,0.3,1,April 2023
586,1985,2,0.4,1,April 2023
586,2005,2,0.7,1,April 2023
586,2010,2,0.7,1,April 2023
586,2015,2,0.8,1,April 2023
586,2018,2,0.8,1,April 2023
586,2019,2,0.8,1,April 2023
586,2020,2,0.8,1,April 2023
591,1975,1,3262.0,1,April 2023
591,1985,1,2819.0,1,April 2023
591,2005,1,6843.0,1,April 2023
591,2010,1,8785.0,1,April 2023
591,2015,1,10055.0,1,April 2023
591,2018,1,9498.0,1,April 2023
591,2019,1,12802.0,1,April 2023
591,2020,1,9481.0,1,April 2023
591,1975,2,1.8,1,April 2023
591,1985,2,1.2,1,April 2023
591,2005,2,2.0,1,April 2023
591,2010,2,2.4,1,April 2023
591,2015,2,2.5,1,April 2023
591,2018,2,2.2,1,April 2023
591,2019,2,3.0,1,April 2023
591,2020,2,2.2,1,April 2023
600,1975,1,1043.0,1,April 2023
600,1985,1,1857.0,1,April 2023
600,2005,1,3997.0,1,April 2023
600,2010,1,5346.0,1,April 2023
600,2015,1,6550.0,1,April 2023
600,2018,1,8799.0,1,April 2023
600,2019,1,8529.0,1,April 2023
600,2020,1,7984.0,1,April 2023
600,1975,2,0.3,1,April 2023
600,1985,2,0.4,1,April 2023
600,2005,2,0.6,1,April 2023
600,2010,2,0.8,1,April 2023
600,2015,2,0.9,1,April 2023
600,2018,2,1.2,1,April 2023
600,2019,2,1.1,1,April 2023
600,2020,2,1.0,1,April 2023
604,1975,1,19524.0,1,April 2023
604,1985,1,19384.0,1,April 2023
604,2005,1,29923.0,1,April 2023
604,2010,1,43054.0,1,April 2023
604,2015,1,51084.0,1,April 2023
604,2018,1,51595.0,1,April 2023
604,2019,1,53754.0,1,April 2023
604,2020,1,43909.0,1,April 2023
604,1975,2,1.2,1,April 2023
604,1985,2,0.9,1,April 2023
604,2005,2,1.0,1,April 2023
604,2010,2,1.4,1,April 2023
604,2015,2,1.6,1,April 2023
604,2018,2,1.6,1,April 2023
604,2019,2,1.6,1,April 2023
604,2020,2,1.3,1,April 2023
608,1975,1,31808.0,1,April 2023
608,1985,1,32284.0,1,April 2023
608,2005,1,72431.0,1,April 2023
608,2010,1,78548.0,1,April 2023
608,2015,1,104714.0,1,April 2023
608,2018,1,131794.0,1,April 2023
608,2019,1,138619.0,1,April 2023
608,2020,1,127816.0,1,April 2023
608,1975,2,0.7,1,April 2023
608,1985,2,0.5,1,April 2023
608,2005,2,0.8,1,April 2023
608,2010,2,0.8,1,April 2023
608,2015,2,1.0,1,April 2023
608,2018,2,1.2,1,April 2023
608,2019,2,1.3,1,April 2023
608,2020,2,1.1,1,April 2023
616,1975,1,344550.0,1,April 2023
616,1985,1,429400.0,1,April 2023
616,2005,1,301740.0,1,April 2023
616,2010,1,314255.0,1,April 2023
616,2015,1,288687.0,1,April 2023
616,2018,1,311522.0,1,April 2023
616,2019,1,294086.0,1,April 2023
616,2020,1,278211.0,1,April 2023
616,1975,2,10.0,1,April 2023
616,1985,2,11.4,1,April 2023
616,2005,2,7.8,1,April 2023
616,2010,2,8.0,1,April 2023
616,2015,2,7.4,1,April 2023
616,2018,2,7.9,1,April 2023
616,2019,2,7.5,1,April 2023
616,2020,2,7.1,1,April 2023
620,1975,1,18347.0,1,April 2023
620,1985,1,24342.0,1,April 2023
620,2005,1,62528.0,1,April 2023
620,2010,1,48542.0,1,April 2023
620,2015,1,47872.0,1,April 2023
620,2018,1,48148.0,1,April 2023
620,2019,1,43271.0,1,April 2023
620,2020,1,37529.0,1,April 2023
620,1975,2,2.0,1,April 2023
620,1985,2,2.4,1,April 2023
620,2005,2,5.9,1,April 2023
620,2010,2,4.5,1,April 2023
620,2015,2,4.5,1,April 2023
620,2018,2,4.6,1,April 2023
620,2019,2,4.1,1,April 2023
620,2020,2,3.6,1,April 2023
634,1975,1,4944.0,1,April 2023
634,1985,1,10731.0,1,April 2023
634,2005,1,33363.0,1,April 2023
634,2010,1,56099.0,1,April 2023
634,2015,1,80877.0,1,April 2023
634,2018,1,83441.0,1,April 2023
634,2019,1,85518.0,1,April 2023
634,2020,1,84489.0,1,April 2023
634,1975,2,30.1,1,April 2023
634,1985,2,28.8,1,April 2023
634,2005,2,38.4,1,April 2023
634,2010,2,30.1,1,April 2023
634,2015,2,31.4,1,April 2023
634,2018,2,29.9,1,April 2023
634,2019,2,30.1,1,April 2023
634,2020,2,29.2,1,April 2023
410,1975,1,80125.0,1,April 2023
410,1985,1,160050.0,1,April 2023
410,2005,1,461549.0,1,April 2023
410,2010,1,555430.0,1,April 2023
410,2015,1,587214.0,1,April 2023
410,2018,1,610633.0,1,April 2023
410,2019,1,592190.0,1,April 2023
410,2020,1,551431.0,1,April 2023
410,1975,2,2.2,1,April 2023
410,1985,2,3.8,1,April 2023
410,2005,2,9.5,1,April 2023
410,2010,2,11.1,1,April 2023
410,2015,2,11.4,1,April 2023
410,2018,2,11.7,1,April 2023
410,2019,2,11.4,1,April 2023
410,2020,2,10.6,1,April 2023
498,2005,1,7899.0,1,April 2023
498,2010,1,8199.0,1,April 2023
498,2015,1,7873.0,1,April 2023
498,2018,1,8308.0,1,April 2023
498,2019,1,8589.0,1,April 2023
498,2020,1,8332.0,1,April 2023
498,2005,2,2.7,1,April 2023
498,2010,2,2.8,1,April 2023
498,2015,2,2.7,1,April 2023
498,2018,2,2.9,1,April 2023
498,2019,2,3.1,1,April 2023
498,2020,2,3.1,1,April 2023
642,1975,1,141936.0,1,April 2023
642,1985,1,176164.0,1,April 2023
642,2005,1,92924.0,1,April 2023
642,2010,1,76692.0,1,April 2023
642,2015,1,71659.0,1,April 2023
642,2018,1,73494.0,1,April 2023
642,2019,1,71976.0,1,April 2023
642,2020,1,66603.0,1,April 2023
642,1975,2,6.6,1,April 2023
642,1985,2,7.7,1,April 2023
642,2005,2,4.3,1,April 2023
642,2010,2,3.7,1,April 2023
642,2015,2,3.5,1,April 2023
642,2018,2,3.7,1,April 2023
642,2019,2,3.6,1,April 2023
642,2020,2,3.4,1,April 2023
643,2005,1,1491331.0,1,April 2023
643,2010,1,1538693.0,1,April 2023
643,2015,1,1543459.0,1,April 2023
643,2018,1,1612717.0,1,April 2023
643,2019,1,1652097.0,1,April 2023
643,2020,1,1562930.0,1,April 2023
643,2005,2,10.3,1,April 2023
643,2010,2,10.7,1,April 2023
643,2015,2,10.6,1,April 2023
643,2018,2,11.1,1,April 2023
643,2019,2,11.4,1,April 2023
643,2020,2,10.8,1,April 2023
646,1975,1,936.0,1,April 2023
646,1985,1,1418.0,1,April 2023
646,2005,1,1332.0,1,April 2023
646,2010,1,1417.0,1,April 2023
646,2015,1,1832.0,1,April 2023
646,2018,1,2127.0,1,April 2023
646,2019,1,2182.0,1,April 2023
646,2020,1,2146.0,1,April 2023
646,1975,2,0.0,1,April 2023
646,1985,2,0.1,1,April 2023
646,2005,2,0.1,1,April 2023
646,2010,2,0.1,1,April 2023
646,2015,2,0.1,1,April 2023
646,2018,2,0.1,1,April 2023
646,2019,2,0.1,1,April 2023
646,2020,2,0.1,1,April 2023
682,1975,1,22721.0,1,April 2023
682,1985,1,119059.0,1,April 2023
682,2005,1,299568.0,1,April 2023
682,2010,1,421715.0,1,April 2023
682,2015,1,536071.0,1,April 2023
682,2018,1,502356.0,1,April 2023
682,2019,1,502455.0,1,April 2023
682,2020,1,487510.0,1,April 2023
682,1975,2,3.0,1,April 2023
682,1985,2,9.0,1,April 2023
682,2005,2,12.5,1,April 2023
682,2010,2,15.3,1,April 2023
682,2015,2,16.8,1,April 2023
682,2018,2,14.8,1,April 2023
682,2019,2,14.5,1,April 2023
682,2020,2,13.9,1,April 2023
686,1975,1,1794.0,1,April 2023
686,1985,1,2327.0,1,April 2023
686,2005,1,4885.0,1,April 2023
686,2010,1,5908.0,1,April 2023
686,2015,1,7943.0,1,April 2023
686,2018,1,8465.0,1,April 2023
686,2019,1,10088.0,1,April 2023
686,2020,1,8403.0,1,April 2023
686,1975,2,0.3,1,April 2023
686,1985,2,0.3,1,April 2023
686,2005,2,0.4,1,April 2023
686,2010,2,0.4,1,April 2023
686,2015,2,0.5,1,April 2023
686,2018,2,0.5,1,April 2023
686,2019,2,0.6,1,April 2023
686,2020,2,0.5,1,April 2023
688,2005,1,50278.0,1,April 2023
688,2010,1,46797.0,1,April 2023
688,2015,1,45402.0,1,April 2023
688,2018,1,46012.0,1,April 2023
688,2019,1,45845.0,1,April 2023
688,2020,1,46238.0,1,April 2023
688,2005,2,6.7,1,April 2023
688,2010,2,6.3,1,April 2023
688,2015,2,6.3,1,April 2023
688,2018,2,6.5,1,April 2023
688,2019,2,6.5,1,April 2023
688,2020,2,6.6,1,April 2023
702,1975,1,8510.0,1,April 2023
702,1985,1,16724.0,1,April 2023
702,2005,1,37127.0,1,April 2023
702,2010,1,42677.0,1,April 2023
702,2015,1,45707.0,1,April 2023
702,2018,1,45471.0,1,April 2023
702,2019,1,45421.0,1,April 2023
702,2020,1,43954.0,1,April 2023
702,1975,2,3.7,1,April 2023
702,1985,2,6.1,1,April 2023
702,2005,2,8.7,1,April 2023
702,2010,2,8.4,1,April 2023
702,2015,2,8.2,1,April 2023
702,2018,2,8.0,1,April 2023
702,2019,2,7.9,1,April 2023
702,2020,2,7.7,1,April 2023
703,1975,1,43514.0,1,April 2023
703,1985,1,54846.0,1,April 2023
703,2005,1,37533.0,1,April 2023
703,2010,1,34904.0,1,April 2023
703,2015,1,29771.0,1,April 2023
703,2018,1,32023.0,1,April 2023
703,2019,1,30187.0,1,April 2023
703,2020,1,28138.0,1,April 2023
703,1975,2,9.1,1,April 2023
703,1985,2,10.5,1,April 2023
703,2005,2,6.9,1,April 2023
703,2010,2,6.4,1,April 2023
703,2015,2,5.4,1,April 2023
703,2018,2,5.8,1,April 2023
703,2019,2,5.4,1,April 2023
703,2020,2,5.1,1,April 2023
705,2005,1,15804.0,1,April 2023
705,2010,1,15805.0,1,April 2023
705,2015,1,13127.0,1,April 2023
705,2018,1,13967.0,1,April 2023
705,2019,1,13522.0,1,April 2023
705,2020,1,12306.0,1,April 2023
705,2005,2,7.7,1,April 2023
705,2010,2,7.5,1,April 2023
705,2015,2,6.2,1,April 2023
705,2018,2,6.6,1,April 2023
705,2019,2,6.3,1,April 2023
705,2020,2,5.7,1,April 2023
710,1975,1,207079.0,1,April 2023
710,1985,1,227037.0,1,April 2023
710,2005,1,377710.0,1,April 2023
710,2010,1,425621.0,1,April 2023
710,2015,1,425292.0,1,April 2023
710,2018,1,439949.0,1,April 2023
710,2019,1,446467.0,1,April 2023
710,2020,1,393113.0,1,April 2023
710,1975,2,8.1,1,April 2023
710,1985,2,6.8,1,April 2023
710,2005,2,7.8,1,April 2023
710,2010,2,8.2,1,April 2023
710,2015,2,7.6,1,April 2023
710,2018,2,7.5,1,April 2023
710,2019,2,7.5,1,April 2023
710,2020,2,6.5,1,April 2023
728,2015,1,2051.0,1,April 2023
728,2018,1,1857.0,1,April 2023
728,2019,1,1913.0,1,April 2023
728,2020,1,1831.0,1,April 2023
728,2015,2,0.2,1,April 2023
728,2018,2,0.2,1,April 2023
728,2019,2,0.2,1,April 2023
728,2020,2,0.2,1,April 2023
724,1975,1,157282.0,1,April 2023
724,1985,1,174768.0,1,April 2023
724,2005,1,337918.0,1,April 2023
724,2010,1,267020.0,1,April 2023
724,2015,1,251672.0,1,April 2023
724,2018,1,252400.0,1,April 2023
724,2019,1,236436.0,1,April 2023
724,2020,1,197673.0,1,April 2023
724,1975,2,4.3,1,April 2023
724,1985,2,4.5,1,April 2023
724,2005,2,7.6,1,April 2023
724,2010,2,5.7,1,April 2023
724,2015,2,5.3,1,April 2023
724,2018,2,5.3,1,April 2023
724,2019,2,4.9,1,April 2023
724,2020,2,4.1,1,April 2023
144,1975,1,3658.0,1,April 2023
144,1985,1,4701.0,1,April 2023
144,2005,1,14830.0,1,April 2023
144,2010,1,13968.0,1,April 2023
144,2015,1,19630.0,1,April 2023
144,2018,1,21779.0,1,April 2023
144,2019,1,23698.0,1,April 2023
144,2020,1,22010.0,1,April 2023
144,1975,2,0.2,1,April 2023
144,1985,2,0.2,1,April 2023
144,2005,2,0.7,1,April 2023
144,2010,2,0.6,1,April 2023
144,2015,2,0.9,1,April 2023
144,2018,2,1.0,1,April 2023
144,2019,2,1.0,1,April 2023
144,2020,2,1.0,1,April 2023
729,1975,1,4104.0,1,April 2023
729,1985,1,5138.0,1,April 2023
729,2005,1,11978.0,1,April 2023
729,2010,1,17358.0,1,April 2023
729,2015,1,19210.0,1,April 2023
729,2018,1,21965.0,1,April 2023
729,2019,1,22482.0,1,April 2023
729,2020,1,21184.0,1,April 2023
729,1975,2,0.2,1,April 2023
729,1985,2,0.2,1,April 2023
729,2005,2,0.3,1,April 2023
729,2010,2,0.3,1,April 2023
729,2015,2,0.4,1,April 2023
729,2018,2,0.5,1,April 2023
729,2019,2,0.5,1,April 2023
729,2020,2,0.4,1,April 2023
740,2005,1,1687.0,1,April 2023
740,2010,1,1760.0,1,April 2023
740,2015,1,2734.0,1,April 2023
740,2018,1,2169.0,1,April 2023
740,2019,1,2678.0,1,April 2023
740,2020,1,2619.0,1,April 2023
740,2005,2,3.3,1,April 2023
740,2010,2,3.3,1,April 2023
740,2015,2,4.8,1,April 2023
740,2018,2,3.7,1,April 2023
740,2019,2,4.5,1,April 2023
740,2020,2,4.4,1,April 2023
752,1975,1,80186.0,1,April 2023
752,1985,1,59873.0,1,April 2023
752,2005,1,50341.0,1,April 2023
752,2010,1,48397.0,1,April 2023
752,2015,1,39439.0,1,April 2023
752,2018,1,36239.0,1,April 2023
752,2019,1,35537.0,1,April 2023
752,2020,1,34272.0,1,April 2023
752,1975,2,9.7,1,April 2023
752,1985,2,7.0,1,April 2023
752,2005,2,5.4,1,April 2023
752,2010,2,5.0,1,April 2023
752,2015,2,3.8,1,April 2023
752,2018,2,3.4,1,April 2023
752,2019,2,3.3,1,April 2023
752,2020,2,3.1,1,April 2023
756,1975,1,37277.0,1,April 2023
756,1985,1,42374.0,1,April 2023
756,2005,1,44921.0,1,April 2023
756,2010,1,44234.0,1,April 2023
756,2015,1,38262.0,1,April 2023
756,2018,1,36640.0,1,April 2023
756,2019,1,36549.0,1,April 2023
756,2020,1,34102.0,1,April 2023
756,1975,2,5.7,1,April 2023
756,1985,2,6.4,1,April 2023
756,2005,2,5.9,1,April 2023
756,2010,2,5.5,1,April 2023
756,2015,2,4.5,1,April 2023
756,2018,2,4.2,1,April 2023
756,2019,2,4.2,1,April 2023
756,2020,2,3.9,1,April 2023
760,1975,1,8348.0,1,April 2023
760,1985,1,19718.0,1,April 2023
760,2005,1,53887.0,1,April 2023
760,2010,1,57701.0,1,April 2023
760,2015,1,23927.0,1,April 2023
760,2018,1,26606.0,1,April 2023
760,2019,1,24416.0,1,April 2023
760,2020,1,22536.0,1,April 2023
760,1975,2,1.1,1,April 2023
760,1985,2,1.8,1,April 2023
760,2005,2,2.9,1,April 2023
760,2010,2,2.7,1,April 2023
760,2015,2,1.3,1,April 2023
760,2018,2,1.6,1,April 2023
760,2019,2,1.4,1,April 2023
760,2020,2,1.3,1,April 2023
762,2005,1,2368.0,1,April 2023
762,2010,1,2331.0,1,April 2023
762,2015,1,4286.0,1,April 2023
762,2018,1,6337.0,1,April 2023
762,2019,1,7033.0,1,April 2023
762,2020,1,7398.0,1,April 2023
762,2005,2,0.4,1,April 2023
762,2010,2,0.3,1,April 2023
762,2015,2,0.5,1,April 2023
762,2018,2,0.7,1,April 2023
762,2019,2,0.7,1,April 2023
762,2020,2,0.8,1,April 2023
764,1975,1,23431.0,1,April 2023
764,1985,1,44253.0,1,April 2023
764,2005,1,205333.0,1,April 2023
764,2010,1,226703.0,1,April 2023
764,2015,1,253440.0,1,April 2023
764,2018,1,246784.0,1,April 2023
764,2019,1,257108.0,1,April 2023
764,2020,1,247936.0,1,April 2023
764,1975,2,0.5,1,April 2023
764,1985,2,0.8,1,April 2023
764,2005,2,3.1,1,April 2023
764,2010,2,3.3,1,April 2023
764,2015,2,3.6,1,April 2023
764,2018,2,3.5,1,April 2023
764,2019,2,3.6,1,April 2023
764,2020,2,3.5,1,April 2023
768,1975,1,458.0,1,April 2023
768,1985,1,480.0,1,April 2023
768,2005,1,1327.0,1,April 2023
768,2010,1,2527.0,1,April 2023
768,2015,1,1492.0,1,April 2023
768,2018,1,1951.0,1,April 2023
768,2019,1,2050.0,1,April 2023
768,2020,1,2111.0,1,April 2023
768,1975,2,0.1,1,April 2023
768,1985,2,0.1,1,April 2023
768,2005,2,0.2,1,April 2023
768,2010,2,0.3,1,April 2023
768,2015,2,0.1,1,April 2023
768,2018,2,0.2,1,April 2023
768,2019,2,0.2,1,April 2023
768,2020,2,0.2,1,April 2023
780,1975,1,4614.0,1,April 2023
780,1985,1,6717.0,1,April 2023
780,2005,1,17101.0,1,April 2023
780,2010,1,21083.0,1,April 2023
780,2015,1,20652.0,1,April 2023
780,2018,1,17251.0,1,April 2023
780,2019,1,16685.0,1,April 2023
780,2020,1,14922.0,1,April 2023
780,1975,2,4.5,1,April 2023
780,1985,2,5.7,1,April 2023
780,2005,2,13.1,1,April 2023
780,2010,2,15.8,1,April 2023
780,2015,2,15.0,1,April 2023
780,2018,2,12.4,1,April 2023
780,2019,2,11.9,1,April 2023
780,2020,2,10.6,1,April 2023
788,1975,1,5018.0,1,April 2023
788,1985,1,9905.0,1,April 2023
788,2005,1,19914.0,1,April 2023
788,2010,1,23756.0,1,April 2023
788,2015,1,26087.0,1,April 2023
788,2018,1,26657.0,1,April 2023
788,2019,1,26764.0,1,April 2023
788,2020,1,25658.0,1,April 2023
788,1975,2,0.9,1,April 2023
788,1985,2,1.3,1,April 2023
788,2005,2,1.9,1,April 2023
788,2010,2,2.2,1,April 2023
788,2015,2,2.3,1,April 2023
788,2018,2,2.3,1,April 2023
788,2019,2,2.3,1,April 2023
788,2020,2,2.1,1,April 2023
792,1975,1,63126.0,1,April 2023
792,1985,1,99857.0,1,April 2023
792,2005,1,220018.0,1,April 2023
792,2010,1,272306.0,1,April 2023
792,2015,1,322946.0,1,April 2023
792,2018,1,378591.0,1,April 2023
792,2019,1,370197.0,1,April 2023
792,2020,1,370265.0,1,April 2023
792,1975,2,1.5,1,April 2023
792,1985,2,1.9,1,April 2023
792,2005,2,3.2,1,April 2023
792,2010,2,3.7,1,April 2023
792,2015,2,4.1,1,April 2023
792,2018,2,4.6,1,April 2023
792,2019,2,4.4,1,April 2023
792,2020,2,4.4,1,April 2023
795,2005,1,48402.0,1,April 2023
795,2010,1,57229.0,1,April 2023
795,2015,1,59835.0,1,April 2023
795,2018,1,60173.0,1,April 2023
795,2019,1,60466.0,1,April 2023
795,2020,1,60536.0,1,April 2023
795,2005,2,10.1,1,April 2023
795,2010,2,11.2,1,April 2023
795,2015,2,10.7,1,April 2023
795,2018,2,10.2,1,April 2023
795,2019,2,10.1,1,April 2023
795,2020,2,10.0,1,April 2023
800,1975,1,1780.0,1,April 2023
800,1985,1,1914.0,1,April 2023
800,2005,1,3862.0,1,April 2023
800,2010,1,5234.0,1,April 2023
800,2015,1,6885.0,1,April 2023
800,2018,1,8322.0,1,April 2023
800,2019,1,8484.0,1,April 2023
800,2020,1,8097.0,1,April 2023
800,1975,2,0.1,1,April 2023
800,1985,2,0.0,1,April 2023
800,2005,2,0.1,1,April 2023
800,2010,2,0.1,1,April 2023
800,2015,2,0.1,1,April 2023
800,2018,2,0.1,1,April 2023
800,2019,2,0.1,1,April 2023
800,2020,2,0.1,1,April 2023
804,2005,1,292530.0,1,April 2023
804,2010,1,268049.0,1,April 2023
804,2015,1,189040.0,1,April 2023
804,2018,1,183581.0,1,April 2023
804,2019,1,172311.0,1,April 2023
804,2020,1,163241.0,1,April 2023
804,2005,2,6.2,1,April 2023
804,2010,2,5.8,1,April 2023
804,2015,2,4.2,1,April 2023
804,2018,2,4.1,1,April 2023
804,2019,2,3.8,1,April 2023
804,2020,2,3.7,1,April 2023
784,1975,1,4962.0,1,April 2023
784,1985,1,35879.0,1,April 2023
784,2005,1,111903.0,1,April 2023
784,2010,1,155599.0,1,April 2023
784,2015,1,187472.0,1,April 2023
784,2018,1,167377.0,1,April 2023
784,2019,1,179131.0,1,April 2023
784,2020,1,181910.0,1,April 2023
784,1975,2,9.0,1,April 2023
784,1985,2,26.1,1,April 2023
784,2005,2,24.3,1,April 2023
784,2010,2,18.1,1,April 2023
784,2015,2,20.1,1,April 2023
784,2018,2,17.2,1,April 2023
784,2019,2,18.2,1,April 2023
784,2020,2,18.3,1,April 2023
826,1975,1,583364.0,1,April 2023
826,1985,1,550243.0,1,April 2023
826,2005,1,536752.0,1,April 2023
826,2010,1,481713.0,1,April 2023
826,2015,1,398789.0,1,April 2023
826,2018,1,358595.0,1,April 2023
826,2019,1,344157.0,1,April 2023
826,2020,1,306974.0,1,April 2023
826,1975,2,10.3,1,April 2023
826,1985,2,9.6,1,April 2023
826,2005,2,8.8,1,April 2023
826,2010,2,7.6,1,April 2023
826,2015,2,6.1,1,April 2023
826,2018,2,5.3,1,April 2023
826,2019,2,5.1,1,April 2023
826,2020,2,4.5,1,April 2023
834,1975,1,2626.0,1,April 2023
834,1985,1,3117.0,1,April 2023
834,2005,1,9460.0,1,April 2023
834,2010,1,10842.0,1,April 2023
834,2015,1,14697.0,1,April 2023
834,2018,1,15652.0,1,April 2023
834,2019,1,18167.0,1,April 2023
834,2020,1,17709.0,1,April 2023
834,1975,2,0.1,1,April 2023
834,1985,2,0.1,1,April 2023
834,2005,2,0.1,1,April 2023
834,2010,2,0.1,1,April 2023
834,2015,2,0.2,1,April 2023
834,2018,2,0.2,1,April 2023
834,2019,2,0.2,1,April 2023
834,2020,2,0.2,1,April 2023
840,1975,1,4409861.0,1,April 2023
840,1985,1,4572448.0,1,April 2023
840,2005,1,5781166.0,1,April 2023
840,2010,1,5428235.0,1,April 2023
840,2015,1,5004513.0,1,April 2023
840,2018,1,4987469.0,1,April 2023
840,2019,1,4821298.0,1,April 2023
840,2020,1,4324698.0,1,April 2023
840,1975,2,20.2,1,April 2023
840,1985,2,18.9,1,April 2023
840,2005,2,19.3,1,April 2023
840,2010,2,17.3,1,April 2023
840,2015,2,15.4,1,April 2023
840,2018,2,15.0,1,April 2023
840,2019,2,14.4,1,April 2023
840,2020,2,12.9,1,April 2023
858,1975,1,5349.0,1,April 2023
858,1985,1,3269.0,1,April 2023
858,2005,1,5338.0,1,April 2023
858,2010,1,6244.0,1,April 2023
858,2015,1,6672.0,1,April 2023
858,2018,1,6611.0,1,April 2023
858,2019,1,6901.0,1,April 2023
858,2020,1,6569.0,1,April 2023
858,1975,2,1.8,1,April 2023
858,1985,2,1.0,1,April 2023
858,2005,2,1.6,1,April 2023
858,2010,2,1.8,1,April 2023
858,2015,2,1.9,1,April 2023
858,2018,2,1.8,1,April 2023
858,2019,2,1.9,1,April 2023
858,2020,2,1.8,1,April 2023
860,2005,1,112650.0,1,April 2023
860,2010,1,120436.0,1,April 2023
860,2015,1,94328.0,1,April 2023
860,2018,1,108460.0,1,April 2023
860,2019,1,112676.0,1,April 2023
860,2020,1,110553.0,1,April 2023
860,2005,2,4.3,1,April 2023
860,2010,2,4.2,1,April 2023
860,2015,2,3.0,1,April 2023
860,2018,2,3.3,1,April 2023
860,2019,2,3.3,1,April 2023
860,2020,2,3.2,1,April 2023
862,1975,1,56874.0,1,April 2023
862,1985,1,86263.0,1,April 2023
862,2005,1,142117.0,1,April 2023
862,2010,1,157478.0,1,April 2023
862,2015,1,142586.0,1,April 2023
862,2018,1,113859.0,1,April 2023
862,2019,1,88677.0,1,April 2023
862,2020,1,55212.0,1,April 2023
862,1975,2,4.3,1,April 2023
862,1985,2,4.9,1,April 2023
862,2005,2,5.3,1,April 2023
862,2010,2,5.5,1,April 2023
862,2015,2,4.7,1,April 2023
862,2018,2,3.9,1,April 2023
862,2019,2,3.1,1,April 2023
862,2020,2,1.9,1,April 2023
704,1975,1,19756.0,1,April 2023
704,1985,1,20749.0,1,April 2023
704,2005,1,84431.0,1,April 2023
704,2010,1,132486.0,1,April 2023
704,2015,1,169006.0,1,April 2023
704,2018,1,239067.0,1,April 2023
704,2019,1,287820.0,1,April 2023
704,2020,1,297522.0,1,April 2023
704,1975,2,0.4,1,April 2023
704,1985,2,0.3,1,April 2023
704,2005,2,1.0,1,April 2023
704,2010,2,1.4,1,April 2023
704,2015,2,1.8,1,April 2023
704,2018,2,2.5,1,April 2023
704,2019,2,2.9,1,April 2023
704,2020,2,3.0,1,April 2023
887,1975,1,1786.0,1,April 2023
887,1985,1,4938.0,1,April 2023
887,2005,1,19062.0,1,April 2023
887,2010,1,22648.0,1,April 2023
887,2015,1,11603.0,1,April 2023
887,2018,1,10016.0,1,April 2023
887,2019,1,9854.0,1,April 2023
887,2020,1,8695.0,1,April 2023
887,1975,2,0.3,1,April 2023
887,1985,2,0.5,1,April 2023
887,2005,2,0.9,1,April 2023
887,2010,2,1.0,1,April 2023
887,2015,2,0.4,1,April 2023
887,2018,2,0.4,1,April 2023
887,2019,2,0.3,1,April 2023
887,2020,2,0.3,1,April 2023
894,1975,1,4935.0,1,April 2023
894,1985,1,3523.0,1,April 2023
894,2005,1,3477.0,1,April 2023
894,2010,1,3711.0,1,April 2023
894,2015,1,5952.0,1,April 2023
894,2018,1,8590.0,1,April 2023
894,2019,1,8494.0,1,April 2023
894,2020,1,8547.0,1,April 2023
894,1975,2,0.9,1,April 2023
894,1985,2,0.4,1,April 2023
894,2005,2,0.2,1,April 2023
894,2010,2,0.2,1,April 2023
894,2015,2,0.3,1,April 2023
894,2018,2,0.4,1,April 2023
894,2019,2,0.4,1,April 2023
894,2020,2,0.4,1,April 2023
716,1975,1,8490.0,1,April 2023
716,1985,1,11404.0,1,April 2023
716,2005,1,12492.0,1,April 2023
716,2010,1,11666.0,1,April 2023
716,2015,1,14067.0,1,April 2023
716,2018,1,13300.0,1,April 2023
716,2019,1,12525.0,1,April 2023
716,2020,1,10647.0,1,April 2023
716,1975,2,1.1,1,April 2023
716,1985,2,1.1,1,April 2023
716,2005,2,0.9,1,April 2023
716,2010,2,0.7,1,April 2023
716,2015,2,0.8,1,April 2023
716,2018,2,0.7,1,April 2023
716,2019,2,0.7,1,April 2023
716,2020,2,0.5,1,April 2023
